Source_Site_Code,Source_Site_City,Product Code,Product variant,Unit_Value_EUR,Source_Inventory_UoM,Source_Inventory_Value_EUR,Receiver_Site_Code,Receiver_Site_City,Receiver_Annual_Demand,Receiver_Average_Monthly_Demand,Receiver_Current_Inventory,Receiver_Target_Inventory,Receiver_MOS,Receiver_Target_Gap_UoM,Receiver_Transfer_Capacity_UoM,Potential_Receiver
WH_Germany_Frankfurt_FFM-Süd,Frankfurt,Jacket_J2_Winter,J2_Winter,12,479,5748,WH_Germany_Kassel_Hub,Kassel,3337,278.0833333333333,672,834.25,2.146538807311957,162.25,162,True
WH_Germany_Berlin_Charlottenburg,Berlin,Pants_P1_Performance,P1_Performance,12,458,5496,WH_Germany_Hamburg_Harburg,Hamburg,1490,124.16666666666667,362,372.5,3.2322147651006707,10.5,10,True
WH_Germany_Berlin_Charlottenburg,Berlin,Pants_P1_Performance,P1_Performance,12,458,5496,WH_Germany_Kassel_Hub,Kassel,1939,161.58333333333334,482,484.75,2.6487880350696233,2.75,2,True
WH_Germany_Munich_Maxvorstadt,Munich,Pants_P3_Beach,P3_Beach,8,507,4056,WH_Germany_Berlin_Charlottenburg,Berlin,2183,181.91666666666666,481,545.75,2.749885478699038,64.75,64,True
WH_Germany_Munich_Maxvorstadt,Munich,Pants_P3_Beach,P3_Beach,8,507,4056,WH_Germany_Kassel_Hub,Kassel,2292,191.0,526,573.0,2.4572425828970332,47.0,47,True
WH_Germany_Kassel_Hub,Kassel,Shirt_TS1_Casual,TS1_Casual,10,532,5320,WH_Germany_Hamburg_Harburg,Hamburg,3059,254.91666666666666,730,764.75,2.770513239620791,34.75,34,True
WH_Germany_Kassel_Hub,Kassel,Shirt_TS3_Luxury,TS3_Luxury,6,601,3606,WH_Germany_Berlin_Charlottenburg,Berlin,1727,143.91666666666666,378,431.75,2.940359004053272,53.75,53,True
WH_Germany_Hamburg_Harburg,Hamburg,Shoes_S3_Summer24,S3_Summer24,30,719,21570,WH_Germany_Kassel_Hub,Kassel,4675,389.5833333333333,823,1168.75,2.04,345.75,345,True
WH_Germany_Hamburg_Harburg,Hamburg,Shoes_S3_Summer24,S3_Summer24,30,719,21570,WH_Germany_Munich_Maxvorstadt,Munich,2968,247.33333333333334,488,742.0,2.2382075471698113,254.0,254,True
WH_Germany_Munich_Maxvorstadt,Munich,Hat_H2_SpecialLine,H2_SpecialLine,4,424,1696,WH_Germany_Berlin_Charlottenburg,Berlin,1104,92.0,580,276.0,6.1603260869565215,0.0,0,False
WH_Germany_Munich_Maxvorstadt,Munich,Hat_H2_SpecialLine,H2_SpecialLine,4,424,1696,WH_Germany_Frankfurt_FFM-Süd,Frankfurt,667,55.583333333333336,381,166.75,6.071964017991005,0.0,0,False
WH_Germany_Munich_Maxvorstadt,Munich,Hat_H2_SpecialLine,H2_SpecialLine,4,424,1696,WH_Germany_Hamburg_Harburg,Hamburg,395,32.916666666666664,757,98.75,22.534177215189874,0.0,0,False
WH_Germany_Munich_Maxvorstadt,Munich,Hat_H2_SpecialLine,H2_SpecialLine,4,424,1696,WH_Germany_Kassel_Hub,Kassel,1214,101.16666666666667,485,303.5,4.340197693574958,0.0,0,False
WH_Germany_Munich_Maxvorstadt,Munich,Jacket_J1_AllYear,J1_AllYear,15,542,8130,WH_Germany_Berlin_Charlottenburg,Berlin,1556,129.66666666666666,461,389.0,3.166452442159383,0.0,0,False
WH_Germany_Munich_Maxvorstadt,Munich,Jacket_J1_AllYear,J1_AllYear,15,542,8130,WH_Germany_Frankfurt_FFM-Süd,Frankfurt,1731,144.25,820,432.75,5.52686308492201,0.0,0,False
WH_Germany_Munich_Maxvorstadt,Munich,Jacket_J1_AllYear,J1_AllYear,15,542,8130,WH_Germany_Hamburg_Harburg,Hamburg,1751,145.91666666666666,637,437.75,4.648201027984009,0.0,0,False
WH_Germany_Munich_Maxvorstadt,Munich,Jacket_J1_AllYear,J1_AllYear,15,542,8130,WH_Germany_Kassel_Hub,Kassel,1028,85.66666666666667,543,257.0,5.650778210116731,0.0,0,False
WH_Germany_Frankfurt_FFM-Süd,Frankfurt,Jacket_J2_Winter,J2_Winter,12,479,5748,WH_Germany_Berlin_Charlottenburg,Berlin,1296,108.0,672,324.0,5.936728395061728,0.0,0,False
WH_Germany_Frankfurt_FFM-Süd,Frankfurt,Jacket_J2_Winter,J2_Winter,12,479,5748,WH_Germany_Hamburg_Harburg,Hamburg,1539,128.25,409,384.75,2.9064327485380117,0.0,0,False
WH_Germany_Frankfurt_FFM-Süd,Frankfurt,Jacket_J2_Winter,J2_Winter,12,479,5748,WH_Germany_Munich_Maxvorstadt,Munich,1462,121.83333333333333,667,365.5,5.460328317373461,0.0,0,False
WH_Germany_Berlin_Charlottenburg,Berlin,Pants_P1_Performance,P1_Performance,12,458,5496,WH_Germany_Frankfurt_FFM-Süd,Frankfurt,1230,102.5,411,307.5,3.946341463414634,0.0,0,False
WH_Germany_Berlin_Charlottenburg,Berlin,Pants_P1_Performance,P1_Performance,12,458,5496,WH_Germany_Munich_Maxvorstadt,Munich,1423,118.58333333333333,768,355.75,6.85874912157414,0.0,0,False
WH_Germany_Munich_Maxvorstadt,Munich,Pants_P3_Beach,P3_Beach,8,507,4056,WH_Germany_Frankfurt_FFM-Süd,Frankfurt,1037,86.41666666666667,678,259.25,6.74059787849566,0.0,0,False
WH_Germany_Munich_Maxvorstadt,Munich,Pants_P3_Beach,P3_Beach,8,507,4056,WH_Germany_Hamburg_Harburg,Hamburg,1096,91.33333333333333,853,274.0,9.91058394160584,0.0,0,False
WH_Germany_Kassel_Hub,Kassel,Shirt_TS1_Casual,TS1_Casual,10,532,5320,WH_Germany_Berlin_Charlottenburg,Berlin,1960,163.33333333333334,686,490.0,4.754081632653061,0.0,0,False
WH_Germany_Kassel_Hub,Kassel,Shirt_TS1_Casual,TS1_Casual,10,532,5320,WH_Germany_Frankfurt_FFM-Süd,Frankfurt,1829,152.41666666666666,831,457.25,5.513395297977037,0.0,0,False
WH_Germany_Kassel_Hub,Kassel,Shirt_TS1_Casual,TS1_Casual,10,532,5320,WH_Germany_Munich_Maxvorstadt,Munich,1261,105.08333333333333,588,315.25,6.060269627279937,0.0,0,False
WH_Germany_Kassel_Hub,Kassel,Shirt_TS3_Luxury,TS3_Luxury,6,601,3606,WH_Germany_Frankfurt_FFM-Süd,Frankfurt,1121,93.41666666666667,707,280.25,6.770740410347903,0.0,0,False
WH_Germany_Kassel_Hub,Kassel,Shirt_TS3_Luxury,TS3_Luxury,6,601,3606,WH_Germany_Hamburg_Harburg,Hamburg,1703,141.91666666666666,526,425.75,3.7251908396946565,0.0,0,False
WH_Germany_Kassel_Hub,Kassel,Shirt_TS3_Luxury,TS3_Luxury,6,601,3606,WH_Germany_Munich_Maxvorstadt,Munich,1264,105.33333333333333,508,316.0,4.935126582278482,0.0,0,False
WH_Germany_Hamburg_Harburg,Hamburg,Shoes_S3_Summer24,S3_Summer24,30,719,21570,WH_Germany_Berlin_Charlottenburg,Berlin,1496,124.66666666666667,733,374.0,5.758021390374331,0.0,0,False
WH_Germany_Hamburg_Harburg,Hamburg,Shoes_S3_Summer24,S3_Summer24,30,719,21570,WH_Germany_Frankfurt_FFM-Süd,Frankfurt,2968,247.33333333333334,859,742.0,3.2338274932614555,0.0,0,False
