Product Code,Product variant,Source_Site_Code,Source_Site_City,Receiver_Site_Code,Receiver_Site_City,Transfer_UoM,Unit_Value_EUR,Transfer_Value_EUR
Pants_P1_Performance,P1_Performance,WH_Germany_Berlin_Charlottenburg,Berlin,WH_Germany_Hamburg_Harburg,Hamburg,10,12,120
Pants_P1_Performance,P1_Performance,WH_Germany_Berlin_Charlottenburg,Berlin,WH_Germany_Kassel_Hub,Kassel,2,12,24
Jacket_J2_Winter,J2_Winter,WH_Germany_Frankfurt_FFM-Süd,Frankfurt,WH_Germany_Kassel_Hub,Kassel,162,12,1944
Shoes_S3_Summer24,S3_Summer24,WH_Germany_Hamburg_Harburg,Hamburg,WH_Germany_Kassel_Hub,Kassel,345,30,10350
Shoes_S3_Summer24,S3_Summer24,WH_Germany_Hamburg_Harburg,Hamburg,WH_Germany_Munich_Maxvorstadt,Munich,254,30,7620
Shirt_TS1_Casual,TS1_Casual,WH_Germany_Kassel_Hub,Kassel,WH_Germany_Hamburg_Harburg,Hamburg,34,10,340
Shirt_TS3_Luxury,TS3_Luxury,WH_Germany_Kassel_Hub,Kassel,WH_Germany_Berlin_Charlottenburg,Berlin,53,6,318
Pants_P3_Beach,P3_Beach,WH_Germany_Munich_Maxvorstadt,Munich,WH_Germany_Berlin_Charlottenburg,Berlin,64,8,512
Pants_P3_Beach,P3_Beach,WH_Germany_Munich_Maxvorstadt,Munich,WH_Germany_Kassel_Hub,Kassel,47,8,376
